date_debut;date_fin;id
19-12-2025;03-01-2026;Moyenne_2026
04-01-2026;03-04-2026;Basse_2026
04-04-2026;31-05-2026;Moyenne_2026
01-06-2026;03-07-2026;Haute_2026
04-07-2026;28-08-2026;Tres_haute_2026
29-08-2026;13-09-2026;Haute_2026
14-09-2026;31-10-2026;Moyenne_2026
01-11-2026;18-12-2026;Basse_2026
19-12-2026;02-01-2027;Moyenne_2026
03-01-2027;08-04-2027;Basse_2027
09-04-2027;27-05-2027;Moyenne_2027
28-05-2027;01-07-2027;Haute_2027
02-07-2027;28-08-2027;Tres_haute_2027
29-08-2027;11-09-2027;Haute_2027
12-09-2027;06-11-2027;Moyenne_2027
07-11-2027;16-12-2027;Basse_2027
17-12-2027;02-01-2028;Moyenne_2027
